"use strict";(self.webpackChunkblog=self.webpackChunkblog||[]).push([[15731],{27410:(e,s,n)=>{n.r(s),n.d(s,{default:()=>g});var a=n(34086);const l=n.p+"assets/img/flush-privileges.1903e6c0.png",r=n.p+"assets/img/result.3dd40743.png",i=(0,a._)("p",null,"MySQL 是一个关系型数据库管理系统，由瑞典 MySQL AB 公司开发，属于 Oracle 旗下产品。",-1),d=(0,a._)("p",null,"它是最流行的关系型数据库管理系统之一，是最好的 RDBMS 关系数据库管理系统应用软件之一",-1),p=(0,a._)("p",null,"MySQL 使用 SQL 语言，分为社区版和商业版，由于其体积小、速度快、总体拥有成本低，尤其是开放源码这一特点，一般中小型网站都选择 MySQL 作为网站数据库。",-1),c=(0,a._)("h2",{id:"安装",tabindex:"-1"},[(0,a._)("a",{class:"header-anchor",href:"#安装","aria-hidden":"true"},"#"),(0,a.Uk)(" 安装")],-1),t=(0,a.Uk)("下载地址: "),u={href:"https://dev.mysql.com/downloads/",target:"_blank",rel:"noopener noreferrer"},m=(0,a.Uk)("https://dev.mysql.com/downloads/"),b=(0,a.uE)('<p>在这个下载界面会有几个版本的选择,</p><ol><li><p>MySQL Community Server 社区版本，开源免费，但不提供官方技术支持。</p></li><li><p>MySQL Enterprise Edition 企业版本，需付费，可以试用 30 天。</p></li><li><p>MySQL Cluster 集群版，开源免费。可将几个 MySQL Server 封装成一个 Server。</p></li><li><p>MySQL Cluster CGE 高级集群版，需付费。</p></li><li><p>MySQL Workbench ( GUITOOL )一款专为 MySQL 设计的 ER/数据库建模工具。它是著名的数据库设计工具 DBDesigner4 的继任者。</p><p>MySQL Workbench 又分为两个版本，分别是社区版( MySQL Workbench OSS )、商用版( MySQL WorkbenchSE )。</p></li></ol><p>MySQL Community Server 是开源免费的，这也是我们通常用的 MySQL 的版本。</p><ol><li><p>下载后得到 <code>.zip</code> 压缩包.</p></li><li><p>解压到自己想要安装到的目录</p></li><li><p>添加环境变量: 我的电脑 → 属性 → 高级 → 环境变量</p><p>选择 PATH，在其后面添加: mysql 安装文件下面的 bin 文件夹</p></li><li><p>新建 mysql 配置文件</p><p>在 mysql 文件夹中新建 <code>my.ini</code> 文件,编辑 <code>my.ini</code> 文件,注意替换路径位置</p><div class="language-ini ext-ini line-numbers-mode"><pre class="language-ini"><code>[mysqld]\nbasedir=D:\\Program Files\\mysql-5.7\\\ndatadir=D:\\Program Files\\mysql-5.7\\data\\\nport=3306\nskip-grant-tables\n</code></pre><div class="line-numbers" aria-hidden="true"><span class="line-number">1</span><br><span class="line-number">2</span><br><span class="line-number">3</span><br><span class="line-number">4</span><br><span class="line-number">5</span><br></div></div></li><li><p>启动管理员模式下的 CMD，输入 <code>cd /d bin目录路径</code> 将路径切换至 mysql 下的 bin 目录，然后输入 <code>mysqld –install</code> (安装 mysql )</p></li><li><p>再输入 <code>mysqld --initialize-insecure --user=mysql</code> 初始化数据文件</p></li><li><p>然后输入 <code>net start mysql</code> 再次启动 mysql,然后用命令 <code>mysql –u root –p</code> 进入 mysql 管理界面 (密码可为空)</p></li><li><p>进入界面后更改 root 密码</p><p><code>update mysql.user set authentication_string=password(&#39;123456&#39;) where user=&#39;root&#39; and Host = &#39;localhost&#39;;</code></p></li><li><p>刷新权限 <code>flush privileges;</code></p></li></ol><p><img src="'+l+'" alt="flush privileges"></p><ol><li><p>修改 <code>my.ini</code> 文件删除最后一句 <code>skip-grant-tables</code></p><div class="language-ini ext-ini line-numbers-mode"><pre class="language-ini"><code>[mysqld]\nbasedir=D:\\work\\mysql-5.7.19\\\ndatadir=D:\\work\\mysql-5.7.19\\data\\\nport=3306\n#skip-grant-tables\n</code></pre><div class="line-numbers" aria-hidden="true"><span class="line-number">1</span><br><span class="line-number">2</span><br><span class="line-number">3</span><br><span class="line-number">4</span><br><span class="line-number">5</span><br></div></div></li><li><p>重启 mysql 即可正常使用</p><div class="language-SQL ext-SQL line-numbers-mode"><pre class="language-SQL"><code>net stop mysql\nnet start mysql\n</code></pre><div class="line-numbers" aria-hidden="true"><span class="line-number">1</span><br><span class="line-number">2</span><br></div></div></li><li><p>连接上测试出现以下结果就安装好了 <img src="'+r+'" alt="result"></p></li></ol><h2 id="连接数据库" tabindex="-1"><a class="header-anchor" href="#连接数据库" aria-hidden="true">#</a> 连接数据库</h2><ol><li><p>打开 MySQL 命令窗口</p><ul><li>在 DOS 命令行窗口进入 安装目录 <code>\\mysql\\bin</code></li><li>可设置环境变量，设置了环境变量，可以在任意目录打开</li></ul></li><li><p>输入连接数据库语句: <code>mysql -h 服务器主机地址 -u 用户名 -p 用户密码</code></p><div class="custom-container warning"><p class="custom-container-title">注意</p><p><code>-p</code> 后面不能多加空格，否则会被当做密码的内容，导致登录失败。</p></div></li></ol><h2 id="几个基本的数据库操作命令" tabindex="-1"><a class="header-anchor" href="#几个基本的数据库操作命令" aria-hidden="true">#</a> 几个基本的数据库操作命令</h2><div class="language-SQL ext-SQL line-numbers-mode"><pre class="language-SQL"><code>mysql -h 服务器主机地址 -u 用户名 -p 用户密码 连接数据库\n\nupdate user set password=password(&#39;123456&#39;)where user=&#39;root&#39;; 修改密码\n\nflush privileges; 刷新数据库\n\nshow databases; 显示所有数据库\n\nuse dbname；打开某个数据库\n\nshow tables; 显示数据库 mysql 中所有的表\n\ndescribe user; 显示表 mysql 数据库中 user 表的列信息\n\ncreate database name; 创建数据库\n\nuse databasename; 选择数据库\n\nexit; 退出 Mysql\n\n? 命令关键词 : 寻求帮助\n\n-- 表示注释\n</code></pre><div class="line-numbers" aria-hidden="true"><span class="line-number">1</span><br><span class="line-number">2</span><br><span class="line-number">3</span><br><span class="line-number">4</span><br><span class="line-number">5</span><br><span class="line-number">6</span><br><span class="line-number">7</span><br><span class="line-number">8</span><br><span class="line-number">9</span><br><span class="line-number">10</span><br><span class="line-number">11</span><br><span class="line-number">12</span><br><span class="line-number">13</span><br><span class="line-number">14</span><br><span class="line-number">15</span><br><span class="line-number">16</span><br><span class="line-number">17</span><br><span class="line-number">18</span><br><span class="line-number">19</span><br><span class="line-number">20</span><br><span class="line-number">21</span><br><span class="line-number">22</span><br><span class="line-number">23</span><br></div></div><h2 id="数据库基本操作" tabindex="-1"><a class="header-anchor" href="#数据库基本操作" aria-hidden="true">#</a> 数据库基本操作</h2><h3 id="操作数据库" tabindex="-1"><a class="header-anchor" href="#操作数据库" aria-hidden="true">#</a> 操作数据库</h3><ol><li><p>创建数据库</p><div class="language-sql ext-sql line-numbers-mode"><pre class="language-sql"><code>CREATE DATABASE name;\n</code></pre><div class="line-numbers" aria-hidden="true"><span class="line-number">1</span><br></div></div></li><li><p>显示数据库</p><div class="language-sql ext-sql line-numbers-mode"><pre class="language-sql"><code>show databases;\n</code></pre><div class="line-numbers" aria-hidden="true"><span class="line-number">1</span><br></div></div><p>注意: 为了不再显示的时候乱码，要修改数据库默认编码。以下以 <code>GBK</code> 编码页面为例进行说明:</p><ol><li><p>修改 MYSQL 的配置文件: <code>my.ini</code> 里面修改 <code>default-character-set=gbk</code></p></li><li><p>代码运行时修改:</p><ol><li>Java 代码: <code>jdbc:mysql://localhost:3306/test?useUnicode=true&amp;characterEncoding=gbk</code></li><li>PHP 代码: <code>header(&quot;Content-Type:text/html;charset=gb2312&quot;);</code></li><li>C 语言代码: <code>int mysql_set_character_set( MYSQL * mysql, char * csname)；</code> 该函数用于为当前连接设置默认的字符集。字符串 <code>csname</code> 指定了 1 个有效的字符集名称。连接校对成为字符集的默认校对。该函数的工作方式与 <code>SET NAMES</code> 语句类似，但它还能设置 mysql → charset 的值，从而影响了由 <code>mysql_real_escape_string()</code> 设置的字符集。</li></ol></li></ol></li><li><p>删除数据库</p><div class="language-sql ext-sql line-numbers-mode"><pre class="language-sql"><code>drop database name;\n</code></pre><div class="line-numbers" aria-hidden="true"><span class="line-number">1</span><br></div></div><ul><li>删除一个已经确定存在的数据库</li></ul><div class="language-sql ext-sql line-numbers-mode"><pre class="language-sql"><code>drop database name;\n</code></pre><div class="line-numbers" aria-hidden="true"><span class="line-number">1</span><br></div></div><ul><li>删除一个不确定存在的数据库</li></ul><div class="language-sql ext-sql line-numbers-mode"><pre class="language-sql"><code>drop database if exists name;\n</code></pre><div class="line-numbers" aria-hidden="true"><span class="line-number">1</span><br></div></div></li><li><p>选择数据库</p><div class="language-sql ext-sql line-numbers-mode"><pre class="language-sql"><code>use name;\n</code></pre><div class="line-numbers" aria-hidden="true"><span class="line-number">1</span><br></div></div><p>use 语句可以通过 MySQL 把 name 数据库作为默认 (当前) 数据库使用，用于后续语句。该数据库保持为默认数据库，直到语段的结尾，或者直到发布一个不同的 USE 语句</p><p>使用 use 语句为一个特定的当前的数据库做标记，不会阻碍您访问其它数据库中的表。下面的例子可以从 db1 数据库访问作者表，并从 db2 数据库访问编辑表</p><div class="language-sql ext-sql line-numbers-mode"><pre class="language-sql"><code>mysql&gt; USE db1;\nmysql&gt; SELECT author_name,editor_name FROM author,db2.editor\n    -&gt;        WHERE author.editor_id = db2.editor.editor_id;\n</code></pre><div class="line-numbers" aria-hidden="true"><span class="line-number">1</span><br><span class="line-number">2</span><br><span class="line-number">3</span><br></div></div><p>USE 语句被设立出来，用于与 Sybase 相兼容。</p><p>use 数据库后，使用 <code>show databases</code> 就能查询所有数据库，如果想跳到其他数据库，用 use 其他数据库名字就可以了。</p></li><li><p>当前选择的数据库</p><div class="language-sql ext-sql line-numbers-mode"><pre class="language-sql"><code>select database();\n</code></pre><div class="line-numbers" aria-hidden="true"><span class="line-number">1</span><br></div></div><p>MySQL 中 <code>SELECT</code> 命令类似于其他编程语言里的 <code>print</code> 或者 <code>write</code>，您可以用它来显示一个字符串、数字、数学表达式的结果等等,</p><ol><li><p>显示 MYSQL 的版本</p><div class="language-sql ext-sql line-numbers-mode"><pre class="language-sql"><code>mysql&gt; select version();\n+-----------------------+\n| version()             |\n+-----------------------+\n| 6.0.4-alpha-community |\n+-----------------------+\n1 row in set (0.02 sec)\n</code></pre><div class="line-numbers" aria-hidden="true"><span class="line-number">1</span><br><span class="line-number">2</span><br><span class="line-number">3</span><br><span class="line-number">4</span><br><span class="line-number">5</span><br><span class="line-number">6</span><br><span class="line-number">7</span><br></div></div></li><li><p>显示当前时间</p><div class="language-sql ext-sql line-numbers-mode"><pre class="language-sql"><code>mysql&gt; select now();\n+---------------------+\n| now()               |\n+---------------------+\n| 2009-09-15 22:35:32 |\n+---------------------+\n1 row in set (0.04 sec)\n</code></pre><div class="line-numbers" aria-hidden="true"><span class="line-number">1</span><br><span class="line-number">2</span><br><span class="line-number">3</span><br><span class="line-number">4</span><br><span class="line-number">5</span><br><span class="line-number">6</span><br><span class="line-number">7</span><br></div></div></li><li><p>显示年月日</p><div class="language-sql ext-sql line-numbers-mode"><pre class="language-sql"><code>SELECT DAYOFMONTH(CURRENT_DATE);\n+--------------------------+\n| DAYOFMONTH(CURRENT_DATE) |\n+--------------------------+\n|                       15 |\n+--------------------------+\n1 row in set (0.01 sec)\n</code></pre><div class="line-numbers" aria-hidden="true"><span class="line-number">1</span><br><span class="line-number">2</span><br><span class="line-number">3</span><br><span class="line-number">4</span><br><span class="line-number">5</span><br><span class="line-number">6</span><br><span class="line-number">7</span><br></div></div><div class="language-sql ext-sql line-numbers-mode"><pre class="language-sql"><code>SELECT MONTH(CURRENT_DATE);\n+---------------------+\n| MONTH(CURRENT_DATE) |\n+---------------------+\n|                   9 |\n+---------------------+\n1 row in set (0.00 sec)\n</code></pre><div class="line-numbers" aria-hidden="true"><span class="line-number">1</span><br><span class="line-number">2</span><br><span class="line-number">3</span><br><span class="line-number">4</span><br><span class="line-number">5</span><br><span class="line-number">6</span><br><span class="line-number">7</span><br></div></div><div class="language-sql ext-sql line-numbers-mode"><pre class="language-sql"><code>SELECT YEAR(CURRENT_DATE);\n+--------------------+\n| YEAR(CURRENT_DATE) |\n+--------------------+\n|               2009 |\n+--------------------+\n1 row in set (0.00 sec)\n</code></pre><div class="line-numbers" aria-hidden="true"><span class="line-number">1</span><br><span class="line-number">2</span><br><span class="line-number">3</span><br><span class="line-number">4</span><br><span class="line-number">5</span><br><span class="line-number">6</span><br><span class="line-number">7</span><br></div></div></li><li><p>显示字符串</p><div class="language-sql ext-sql line-numbers-mode"><pre class="language-sql"><code>mysql&gt; SELECT &quot;welecome to my blog!&quot;;\n+----------------------+\n| welecome to my blog! |\n+----------------------+\n| welecome to my blog! |\n+----------------------+\n1 row in set (0.00 sec)\n</code></pre><div class="line-numbers" aria-hidden="true"><span class="line-number">1</span><br><span class="line-number">2</span><br><span class="line-number">3</span><br><span class="line-number">4</span><br><span class="line-number">5</span><br><span class="line-number">6</span><br><span class="line-number">7</span><br></div></div></li><li><p>当计算器用</p><div class="language-sql ext-sql line-numbers-mode"><pre class="language-sql"><code>select ((4 * 4) / 10 ) + 25;\n+----------------------+\n| ((4 * 4) / 10 ) + 25 |\n+----------------------+\n|                26.60 |\n+----------------------+\n1 row in set (0.00 sec)\n</code></pre><div class="line-numbers" aria-hidden="true"><span class="line-number">1</span><br><span class="line-number">2</span><br><span class="line-number">3</span><br><span class="line-number">4</span><br><span class="line-number">5</span><br><span class="line-number">6</span><br><span class="line-number">7</span><br></div></div></li><li><p>串接字符串</p><div class="language-sql ext-sql line-numbers-mode"><pre class="language-sql"><code>select CONCAT(f_name, &quot; &quot;, l_name)\nAS Name\nfrom employee_data\nwhere title = &#39;Marketing Executive&#39;;\n+---------------+\n| Name          |\n+---------------+\n| Monica Sehgal |\n| Hal Simlai    |\n| Joseph Irvine |\n+---------------+\n3 rows in set (0.00 sec)\n</code></pre><div class="line-numbers" aria-hidden="true"><span class="line-number">1</span><br><span class="line-number">2</span><br><span class="line-number">3</span><br><span class="line-number">4</span><br><span class="line-number">5</span><br><span class="line-number">6</span><br><span class="line-number">7</span><br><span class="line-number">8</span><br><span class="line-number">9</span><br><span class="line-number">10</span><br><span class="line-number">11</span><br><span class="line-number">12</span><br></div></div><p>注意: 这里用到<code>CONCAT()</code>函数，用来把字符串串接起来。另外，用 <code>AS</code> 给结果列 &#39;CONCAT(f_name, &quot; &quot;, l_name)&#39; 起了个假名。</p></li></ol></li></ol><h3 id="操作数据表" tabindex="-1"><a class="header-anchor" href="#操作数据表" aria-hidden="true">#</a> 操作数据表</h3><ol><li><p>创建数据表</p><div class="language-sql ext-sql line-numbers-mode"><pre class="language-sql"><code>create table &lt;表名&gt; ( &lt;字段名1&gt; &lt;类型1&gt; [,..&lt;字段名n&gt; &lt;类型n&gt;]);\n</code></pre><div class="line-numbers" aria-hidden="true"><span class="line-number">1</span><br></div></div><p>例如，建立一个名为 User 的表，</p><table><thead><tr><th>字段名</th><th>数字类型</th><th>数据宽度</th><th>是否为空</th><th>是否主键</th><th>自动增加</th><th>默认值</th></tr></thead><tbody><tr><td>id</td><td>int</td><td>4</td><td>否</td><td>primary key</td><td>auto_increment</td><td></td></tr><tr><td>name</td><td>char</td><td>20</td><td>否</td><td></td><td></td><td></td></tr><tr><td>sex</td><td>int</td><td>4</td><td>否</td><td></td><td></td><td>0</td></tr></tbody></table><div class="language-SQL ext-SQL line-numbers-mode"><pre class="language-SQL"><code>mysql&gt; create table MyClass(\n    -&gt; id int(4) not null primary key auto_increment,\n    -&gt; name char(20) not null,\n    -&gt; sex int(4) not null default &#39;0&#39;);\n</code></pre><div class="line-numbers" aria-hidden="true"><span class="line-number">1</span><br><span class="line-number">2</span><br><span class="line-number">3</span><br><span class="line-number">4</span><br></div></div></li><li><p>删除数据表</p><div class="language-sql ext-sql line-numbers-mode"><pre class="language-sql"><code>drop table &lt;表名&gt;\n</code></pre><div class="line-numbers" aria-hidden="true"><span class="line-number">1</span><br></div></div><ul><li><p><code>DROP TABLE</code> 用于取消一个或多个表。您必须有每个表的 <code>DROP</code> 权限。所有的表数据和表定义会被取消，所以使用本语句要小心!</p></li><li><p>注意: 对于一个带分区的表，<code>DROP TABLE</code> 会永久性地取消表定义，取消各分区，并取消储存在这些分区中的所有数据。<code>DROP TABLE</code> 还会取消与被取消的表有关联的分区定义 (.par) 文件。</p></li><li><p>对于不存在的表，使用<code>IF EXISTS</code>用于防止错误发生。当使用<code>IF EXISTS</code>时，对于每个不存在的表，会生成一个<code>NOTE</code>。</p></li></ul></li><li><p>向表中插入数据</p><div class="language-sql ext-sql line-numbers-mode"><pre class="language-sql"><code>insert into &lt;表名&gt; [( &lt;字段名1&gt;[,..&lt;字段名n &gt; ])] values ( 值1 )[, ( 值n )]\n</code></pre><div class="line-numbers" aria-hidden="true"><span class="line-number">1</span><br></div></div><p>例如: 往表 MyClass 中插入二条记录, 编号为 1 的名为 Tom 的性别为 0, 编号为 2 的名为 Joan 的性别为 1</p><div class="language-sql ext-sql line-numbers-mode"><pre class="language-sql"><code>mysql&gt; insert into MyClass values(1,&#39;Tom&#39;,0),(2,&#39;Joan&#39;,1);\n</code></pre><div class="line-numbers" aria-hidden="true"><span class="line-number">1</span><br></div></div><p>注意: <code>insert into</code> 每次只能向表中插入一条记录。</p></li><li><p>查询数据表中的数据</p><div class="language-sql ext-sql line-numbers-mode"><pre class="language-sql"><code>select &lt;字段1，字段2，...&gt; from &lt; 表名 &gt; where &lt; 表达式 &gt;\n</code></pre><div class="line-numbers" aria-hidden="true"><span class="line-number">1</span><br></div></div><ol><li><p>查询所有行 例如: 查看表 MyClass 中所有数据</p><div class="language-sql ext-sql line-numbers-mode"><pre class="language-sql"><code>mysql&gt; select * from MyClass;\n</code></pre><div class="line-numbers" aria-hidden="true"><span class="line-number">1</span><br></div></div></li><li><p>查询前几行数据 例如: 查看表 MyClass 中前 2 行数据</p><div class="language-sql ext-sql line-numbers-mode"><pre class="language-sql"><code>mysql&gt; select * from MyClass order by id limit 0,2;\n</code></pre><div class="line-numbers" aria-hidden="true"><span class="line-number">1</span><br></div></div></li></ol><p>select 一般配合 where 使用，以查询更精确更复杂的数据</p></li><li><p>删除数据表中的数据</p><div class="language-sql ext-sql line-numbers-mode"><pre class="language-sql"><code>delete from 表名 where 表达式\n</code></pre><div class="line-numbers" aria-hidden="true"><span class="line-number">1</span><br></div></div><p>例如: 删除表 MyClass 中编号为 1 的记录</p><div class="language-sql ext-sql line-numbers-mode"><pre class="language-sql"><code>mysql&gt; delete from MyClass where id=1;\n</code></pre><div class="line-numbers" aria-hidden="true"><span class="line-number">1</span><br></div></div><p>下面是一个删除数据前后表的对比。</p><div class="language-sql ext-sql line-numbers-mode"><pre class="language-sql"><code>mysql&gt; select * from MyClass;\n+----+------+-----+\n| id | name | sex |\n+----+------+-----+\n|  1 | Tom  |   0 |\n|  2 | Joan |   1 |\n+----+------+-----+\n2 rows in set (0.00 sec)\n\nmysql&gt; delete from MyClass where id=1;\nQuery OK, 1 row affected (0.02 sec)\n\nmysql&gt; select * from MyClass;\n+----+------+-----+\n| id | name | sex |\n+----+------+-----+\n|  2 | Joan |   1 |\n+----+------+-----+\n1 row in set (0.00 sec)\n</code></pre><div class="line-numbers" aria-hidden="true"><span class="line-number">1</span><br><span class="line-number">2</span><br><span class="line-number">3</span><br><span class="line-number">4</span><br><span class="line-number">5</span><br><span class="line-number">6</span><br><span class="line-number">7</span><br><span class="line-number">8</span><br><span class="line-number">9</span><br><span class="line-number">10</span><br><span class="line-number">11</span><br><span class="line-number">12</span><br><span class="line-number">13</span><br><span class="line-number">14</span><br><span class="line-number">15</span><br><span class="line-number">16</span><br><span class="line-number">17</span><br><span class="line-number">18</span><br><span class="line-number">19</span><br></div></div></li><li><p>修改数据表中的数据</p><div class="language-sql ext-sql line-numbers-mode"><pre class="language-sql"><code>update 表名 set 字段=新值,… where 条件\n</code></pre><div class="line-numbers" aria-hidden="true"><span class="line-number">1</span><br></div></div><div class="language-sql ext-sql line-numbers-mode"><pre class="language-sql"><code>select * from MyClass;\n+----+------+-----+\n| id | name | sex |\n+----+------+-----+\n|  2 | Joan |   1 |\n+----+------+-----+\n1 row in set (0.00 sec)\n\nmysql&gt; update MyClass set name=&#39;Mary&#39; where id=2;\nQuery OK, 1 row affected (0.01 sec)\nRows matched: 1  Changed: 1  Warnings: 0\n\nmysql&gt; select * from MyClass;\n+----+------+-----+\n| id | name | sex |\n+----+------+-----+\n|  2 | Mary |   1 |\n+----+------+-----+\n1 row in set (0.00 sec)\n</code></pre><div class="line-numbers" aria-hidden="true"><span class="line-number">1</span><br><span class="line-number">2</span><br><span class="line-number">3</span><br><span class="line-number">4</span><br><span class="line-number">5</span><br><span class="line-number">6</span><br><span class="line-number">7</span><br><span class="line-number">8</span><br><span class="line-number">9</span><br><span class="line-number">10</span><br><span class="line-number">11</span><br><span class="line-number">12</span><br><span class="line-number">13</span><br><span class="line-number">14</span><br><span class="line-number">15</span><br><span class="line-number">16</span><br><span class="line-number">17</span><br><span class="line-number">18</span><br><span class="line-number">19</span><br></div></div><ul><li><code>UPDATE</code>语法可以用新值更新原有表行中的各列。</li><li><code>SET</code>子句指示要修改哪些列和要给予哪些值。</li><li><code>WHERE</code>子句指定应更新哪些行。如果没有<code>WHERE</code>子句，则更新所有的行。</li></ul></li><li><p>增加数据</p><ol><li><p>增加字段</p><div class="language-sql ext-sql line-numbers-mode"><pre class="language-sql"><code>alter table 表名 add 字段 类型 其他;\n</code></pre><div class="line-numbers" aria-hidden="true"><span class="line-number">1</span><br></div></div><p>例如: 在表 MyClass 中添加了一个字段 age，类型为 int(4)，默认值为 0</p><div class="language-sql ext-sql line-numbers-mode"><pre class="language-sql"><code>mysql&gt; alter table MyClass add age int(4) default &#39;0&#39;\n</code></pre><div class="line-numbers" aria-hidden="true"><span class="line-number">1</span><br></div></div></li><li><p>修改原字段名称及类型:</p><div class="language-sql ext-sql line-numbers-mode"><pre class="language-sql"><code>ALTER TABLE table_name CHANGE old_field_name new_field_name field_type;\n</code></pre><div class="line-numbers" aria-hidden="true"><span class="line-number">1</span><br></div></div></li><li><p>删除字段:</p><div class="language-sql ext-sql line-numbers-mode"><pre class="language-sql"><code>MySQL ALTER TABLE table_name DROP field_name;\n</code></pre><div class="line-numbers" aria-hidden="true"><span class="line-number">1</span><br></div></div></li><li><p>加索引</p><div class="language-sql ext-sql line-numbers-mode"><pre class="language-sql"><code>alter table 表名 add index 索引名 (字段名1[，字段名2 …]);\n</code></pre><div class="line-numbers" aria-hidden="true"><span class="line-number">1</span><br></div></div><p>例子:</p><div class="language-sql ext-sql line-numbers-mode"><pre class="language-sql"><code>mysql&gt; alter table employee add index emp_name (name);\n</code></pre><div class="line-numbers" aria-hidden="true"><span class="line-number">1</span><br></div></div></li><li><p>加主关键字的索引</p><div class="language-sql ext-sql line-numbers-mode"><pre class="language-sql"><code>alter table 表名 add primary key (字段名);\n</code></pre><div class="line-numbers" aria-hidden="true"><span class="line-number">1</span><br></div></div><p>例子:</p><div class="language-sql ext-sql line-numbers-mode"><pre class="language-sql"><code>mysql&gt; alter table employee add primary key(id);\n</code></pre><div class="line-numbers" aria-hidden="true"><span class="line-number">1</span><br></div></div></li><li><p>加唯一限制条件的索引</p><div class="language-sql ext-sql line-numbers-mode"><pre class="language-sql"><code>alter table 表名 add unique 索引名 (字段名);\n</code></pre><div class="line-numbers" aria-hidden="true"><span class="line-number">1</span><br></div></div><p>例子:</p><div class="language-sql ext-sql line-numbers-mode"><pre class="language-sql"><code>mysql&gt; alter table employee add unique emp_name2(cardnumber);\n</code></pre><div class="line-numbers" aria-hidden="true"><span class="line-number">1</span><br></div></div></li><li><p>删除某个索引</p><div class="language-sql ext-sql line-numbers-mode"><pre class="language-sql"><code>alter table 表名 drop index 索引名;\n</code></pre><div class="line-numbers" aria-hidden="true"><span class="line-number">1</span><br></div></div><p>例子:</p><div class="language-sql ext-sql line-numbers-mode"><pre class="language-sql"><code>mysql&gt;alter table employee drop index emp_name;\n</code></pre><div class="line-numbers" aria-hidden="true"><span class="line-number">1</span><br></div></div></li></ol></li><li><p>修改表名</p><div class="language-sql ext-sql line-numbers-mode"><pre class="language-sql"><code>rename table 原表名 to 新表名;\n</code></pre><div class="line-numbers" aria-hidden="true"><span class="line-number">1</span><br></div></div><ul><li><p>当您执行 <code>RENAME</code> 时，您不能有任何锁定的表或活动的事务。您同样也必须有对原初表的 <code>ALTER</code> 和 <code>DROP</code> 权限，以及对新表的 <code>CREATE</code> 和 <code>INSERT</code> 权限。</p></li><li><p>如果在多表更名中，MySQL 遭遇到任何错误，它将对所有被更名的表进行倒退更名，将每件事物退回到最初状态。</p></li><li><p><code>RENAME TABLE</code> 在 <code>MySQL 3.23.23</code> 中被加入。</p></li></ul></li></ol>',15),o={},g=(0,n(82831).Z)(o,[["render",function(e,s){const n=(0,a.up)("ExternalLinkIcon");return(0,a.wg)(),(0,a.iD)(a.HY,null,[i,d,p,c,(0,a._)("p",null,[t,(0,a._)("a",u,[m,(0,a.Wm)(n)])]),b],64)}]])},82831:(e,s)=>{s.Z=(e,s)=>{const n=e.__vccOpts||e;for(const[e,a]of s)n[e]=a;return n}},22352:(e,s,n)=>{n.r(s),n.d(s,{data:()=>a});const a={key:"v-233fe009",path:"/software/mysql/intro.html",title:"简介",lang:"zh-CN",frontmatter:{title:"简介",icon:"info",author:"李欣桐",summary:"MySQL 是一个关系型数据库管理系统，由瑞典 MySQL AB 公司开发，属于 Oracle 旗下产品。 它是最流行的关系型数据库管理系统之一，是最好的 RDBMS 关系数据库管理系统应用软件之一 MySQL 使用 SQL 语言，分为社区版和商业版，由于其体积小、速度快、总体拥有成本低，尤其是开放源码这一特点，一般中小型网站都选择 MySQL 作为网站数据",head:[["meta",{property:"og:url",content:"https://mrhope.site/software/mysql/intro.html"}],["meta",{property:"og:site_name",content:"Mr.Hope"}],["meta",{property:"og:title",content:"简介"}],["meta",{property:"og:type",content:"article"}],["meta",{property:"og:image",content:"https://mrhope.site/"}],["meta",{property:"og:updated_time",content:"2021-03-28T15:22:50.000Z"}],["meta",{property:"og:locale",content:"zh-CN"}],["meta",{name:"twitter:card",content:"summary_large_image"}],["meta",{name:"twitter:image:alt",content:"简介"}],["meta",{property:"article:author",content:"李欣桐"}],["meta",{property:"article:modified_time",content:"2021-03-28T15:22:50.000Z"}]]},excerpt:"",headers:[{level:2,title:"安装",slug:"安装",children:[]},{level:2,title:"连接数据库",slug:"连接数据库",children:[]},{level:2,title:"几个基本的数据库操作命令",slug:"几个基本的数据库操作命令",children:[]},{level:2,title:"数据库基本操作",slug:"数据库基本操作",children:[{level:3,title:"操作数据库",slug:"操作数据库",children:[]},{level:3,title:"操作数据表",slug:"操作数据表",children:[]}]}],git:{createdTime:1613645542e3,updatedTime:161694497e4,contributors:[{name:"Mr.Hope",email:"zhangbowang1998@gmail.com",commits:4},{name:"Mister-Hope",email:"zhangbowang1998@gmail.com",commits:1}]},readingTime:{minutes:8.82,words:2647},filePathRelative:"software/mysql/intro.md"}}}]);